<?xml version="1.0" encoding="UTF-8"?>
<!DOCTYPE hibernate-configuration PUBLIC 
"-//Hibernate/Hibernate Configuration DTD//EN"
"http://www.hibernate.org/dtd/hibernate-configuration-3.0.dtd">
<hibernate-configuration>
<session-factory>
<property name="hbm2ddl.auto">none</property>
<property name="hibernate.dialect"> org.hibernate.dialect.MySQLDialect</property>
<property name="hibernate.connection.driver_class"> com.mysql.jdbc.Driver</property>
<property name="hibernate.connection.url">jdbc:mysql://localhost:3306/hibernate_example</property>
<property name="hibernate.connection.username">root</property>
<property name="hibernate.connection.password">root</property>
<property name="show_sql">true</property>
<property name="format_sql">true</property>
<property name="use_sql_comments">true</property>
<mapping resource="com/hibernate/example/mapping/hibernate_example.hbm.xml" />
</session-factory>
</hibernate-configuration>